ID,system_name,h_rad_dist_init,idx_h0,idx_rad,idx_rad2,h0_r1_dist,h0_r2_dist,r1_r2_dist,bond_order
0,Alanine_nms_samples_num20_T50_Emax5,2.1647175999095123,8,0,1,2.1647175999095123,1.0959717823748931,1.5418074290163477,"[[1, 2], [1, 7], [1, 8], [2, 3], [2, 6], [2, 9], [3, 4], [3, 5], [5, 10], [6, 11], [6, 12]]"
0,Alanine_nms_samples_num20_T50_Emax5,2.1647175999095123,8,0,1,1.4485814947159612,0.9384294212476032,1.5418074290163477,"[[1, 2], [1, 7], [1, 8], [2, 3], [2, 6], [2, 9], [3, 4], [3, 5], [5, 10], [6, 11], [6, 12]]"
0,Alanine_nms_samples_num20_T50_Emax5,2.1647175999095123,8,0,1,1.0880965658074657,2.165664964815657,1.5418074290163477,"[[1, 2], [1, 7], [1, 8], [2, 3], [2, 6], [2, 9], [3, 4], [3, 5], [5, 10], [6, 11], [6, 12]]"
1,Arginine_nms_samples_num20_T50_Emax5,2.132386920774464,15,1,2,2.132386920774464,1.2033094074202197,1.4829184705141412,"[[1, 2], [1, 8], [1, 13], [1, 14], [2, 3], [2, 15], [3, 4], [3, 7], [3, 16], [4, 5], [4, 6], [4, 9], [5, 25], [6, 17], [7, 18], [7, 19], [8, 9], [8, 20], [8, 21], [9, 10], [10, 11], [10, 12], [11, 22], [11, 23], [12, 24]]"
1,Arginine_nms_samples_num20_T50_Emax5,2.132386920774464,15,1,2,1.332027924096803,1.3007925181648334,1.4829184705141412,"[[1, 2], [1, 8], [1, 13], [1, 14], [2, 3], [2, 15], [3, 4], [3, 7], [3, 16], [4, 5], [4, 6], [4, 9], [5, 25], [6, 17], [7, 18], [7, 19], [8, 9], [8, 20], [8, 21], [9, 10], [10, 11], [10, 12], [11, 22], [11, 23], [12, 24]]"
1,Arginine_nms_samples_num20_T50_Emax5,2.132386920774464,15,1,2,1.1655961704647113,2.2185767563719763,1.4829184705141412,"[[1, 2], [1, 8], [1, 13], [1, 14], [2, 3], [2, 15], [3, 4], [3, 7], [3, 16], [4, 5], [4, 6], [4, 9], [5, 25], [6, 17], [7, 18], [7, 19], [8, 9], [8, 20], [8, 21], [9, 10], [10, 11], [10, 12], [11, 22], [11, 23], [12, 24]]"
